Id,BIRTHDATE,DEATHDATE,SSN,DRIVERS,PASSPORT,PREFIX,FIRST,LAST,SUFFIX,MAIDEN,MARITAL,RACE,ETHNICITY,GENDER,BIRTHPLACE,ADDRESS,CITY,STATE,COUNTY,FIPS,ZIP,LAT,LON,HEALTHCARE_EXPENSES,HEALTHCARE_COVERAGE,INCOME
2dd8887d-6ce5-8c2b-0358-176a5c99cbac,2020-12-29,,999-21-7673,,,,Ferdinand55,Oberbrunner298,,,,white,nonhispanic,M,Longmeadow  Massachusetts  US,248 Reynolds Tunnel Unit 31,Taunton,Massachusetts,Bristol County,25005,02780,41.89974802181456,-71.0016429089373,1426.84,7380.61,29932
87f44a39-7a5c-562b-9908-9524628762e0,2005-05-18,,999-90-3341,S99984453,,Mr.,Levi940,Hartmann983,,,,white,nonhispanic,M,Haverhill  Massachusetts  US,318 Nienow Road Unit 87,Brookline,Massachusetts,Norfolk County,25021,02446,42.34776214208736,-71.16813527906712,40288.55,5501.10,44919
96cea926-9a25-dd87-2eec-ab40e4de7985,2001-03-11,,999-25-3108,S99943588,X9352962X,Mr.,Florencio463,Adams676,,,,white,nonhispanic,M,Salem  Massachusetts  US,838 Schamberger Meadow Apt 37,Quincy,Massachusetts,Norfolk County,25021,02169,42.220895155006225,-70.97663898014424,34674.94,6050.33,38646
faa51fc7-e131-0ebc-2540-1ef4d2b720a5,1996-12-04,2009-07-03,999-81-9716,,,,Crysta430,Bogisich202,,,,white,nonhispanic,F,Springfield  Massachusetts  US,363 Koch Junction,Worcester,Massachusetts,Worcester County,25027,01609,42.30251503501394,-71.71367051222148,25769.47,10030.92,57062
91a4e065-7940-522d-6b02-8db663f8d028,1978-04-10,,999-46-8284,S99970521,X74479913X,Mr.,Roderick835,King743,,,M,white,nonhispanic,M,Fall River  Massachusetts  US,968 Muller Terrace Unit 4,Waltham,Massachusetts,Middlesex County,25017,02472,42.37283172336106,-71.1364839490066,73256.16,0.00,47676
22d095e7-70aa-d4b4-b4c9-2dca2f08f503,2007-02-26,,999-66-7640,S99974254,,,Eduardo902,Bermúdez789,,,,white,hispanic,M,San Jose  San Jose  CR,636 Kreiger Divide Suite 68,Saugus,Massachusetts,Essex County,25009,01906,42.4436947350925,-71.02084310149718,60383.12,649742.79,114537
3c467b44-6367-cacc-1f00-736cd6af152e,2018-05-18,,999-76-4344,,,,Eldridge510,Dickinson688,,,,black,nonhispanic,M,Newburyport  Massachusetts  US,1035 Farrell Extension Suite 35,Whitman,Massachusetts,Plymouth County,,00000,42.04272477664778,-70.90921392282947,7236.49,2034.42,60090
2f9b6a45-bd08-6b33-dbf1-27249b6ccbce,1996-12-04,,999-68-1053,S99967148,X58735443X,Ms.,Katharina121,Huel628,,,,white,nonhispanic,F,East Longmeadow  Massachusetts  US,111 Schinner Manor Apt 46,Worcester,Massachusetts,Worcester County,25027,01608,42.243572051578994,-71.72780279483669,552198.69,52673.40,57062
45842680-1eb9-62f8-7d94-87cc9069e40b,2000-03-04,,999-66-5352,S99971603,X33843321X,Ms.,Jannette265,Gleason633,,,,white,nonhispanic,F,Pepperell  Massachusetts  US,289 Walker Alley,Peabody,Massachusetts,Essex County,25009,01960,42.49527379266908,-71.00051550236684,34945.64,793720.69,56529
d30e4a2b-93b3-ace2-7fe5-fdebc9907c01,1994-12-14,,999-69-3247,S99926180,X13938095X,Ms.,Ana972,Negrón227,,,S,white,hispanic,F,Carolina  Puerto Rico  PR,409 Stark Stravenue Apt 19,Plymouth,Massachusetts,Plymouth County,25023,02360,41.92801556525305,-70.66156466966824,162186.63,233742.09,93296
31eb051b-b6c4-1792-5553-e27f7c216fc7,1961-12-02,,999-27-4484,S99927603,X84632393X,Mr.,Joaquin141,Barton704,,,M,white,nonhispanic,M,Lawrence  Massachusetts  US,456 Upton Crossing Suite 98,Auburn,Massachusetts,Worcester County,,00000,42.15637418775153,-71.89157854956964,148240.61,40257.39,122324
f6747adb-ab4a-17eb-8f22-4bee2b9fa4cc,1977-08-22,,999-12-4335,S99922256,X51397206X,Mrs.,Brandee895,Ziemann98,,DuBuque211,M,asian,nonhispanic,F,Ho Chi Minh City  Gia Định  VN,376 Witting Passage Unit 70,Dunstable,Massachusetts,Middlesex County,,00000,42.688921159936655,-71.54084396326746,352991.80,368040.36,91218
b4659934-14a2-5ebc-0f49-3c2e714ce983,2001-06-01,,999-36-3128,S99921011,X25239303X,Ms.,Chandra831,Emard19,,,,white,nonhispanic,F,Boston  Massachusetts  US,622 Bins Quay,Springfield,Massachusetts,Hampden County,25013,01103,42.161544395838,-72.62407585412211,61059.46,125194.86,104439
24519634-c1d4-a4d4-24f3-9199fee1b846,2020-09-20,,999-55-1640,,,,Gil594,Reichel38,,,,white,nonhispanic,M,Middleborough  Massachusetts  US,391 Kshlerin Club Unit 12,Holbrook,Massachusetts,Norfolk County,25021,02343,42.11131150102024,-70.98246176719415,10224.23,0.00,62872
13c9b37a-e4a2-aa0e-aee3-750c95b884b1,1964-04-24,,999-75-4088,S99998005,X10228013X,Mrs.,Minta575,Sipes176,,Padberg411,M,white,nonhispanic,F,West Concord  Massachusetts  US,251 Mosciski Byway Suite 85,Saugus,Massachusetts,Essex County,25009,01906,42.4916815473165,-70.98357566992632,20785.91,1156504.41,15380
6a343bb4-31fb-aaf2-4216-03a680cbe3a5,1978-03-24,,999-86-8136,S99965797,X16641616X,Mrs.,Loretta235,Bradtke547,,Stoltenberg489,D,white,nonhispanic,F,Worcester  Massachusetts  US,548 Wuckert Approach,Shutesbury,Massachusetts,Franklin County,,00000,42.45052252731913,-72.44399964063027,75448.62,592337.39,197528
157f8b79-344d-3083-a6a3-448b74949bca,2013-12-26,,999-31-1440,,,,Kathlyn335,Sporer811,,,,white,nonhispanic,F,Agawam  Massachusetts  US,827 Fahey Ferry,Rehoboth,Massachusetts,Bristol County,,00000,41.85131190156249,-71.21292072454256,11922.97,17030.57,83560
1434ce08-24d8-d117-3367-c85bc7f3f621,1954-11-17,1999-09-15,999-88-4895,S99983556,X82263276X,Mrs.,Ardell826,Herman763,,Bechtelar572,M,white,nonhispanic,F,Methuen  Massachusetts  US,652 Schuppe Club,Plymouth,Massachusetts,Plymouth County,25023,02360,41.845841355779534,-70.60278320754114,959126.14,780006.20,53332
a87d0a93-f555-e663-14de-bcdc4d4c5852,1973-06-10,,999-75-8233,S99912389,X76211842X,Mr.,Eddy900,Kautzer186,,,S,white,nonhispanic,M,Watertown  Massachusetts  US,869 Will Key,Hingham,Massachusetts,Plymouth County,25023,02043,42.17721120215647,-70.89162905872764,88853.13,6772.32,155918
85066a90-9c8b-cc45-ed62-3a779a498e3b,1957-05-19,,999-68-9246,S99915967,X47343566X,Mr.,Germán350,Posada6,,,S,white,hispanic,M,Port-au-Prince  Haiti  HT,321 Hegmann Skyway Suite 46,Lawrence,Massachusetts,Essex County,25009,01840,42.67538195413669,-71.14349722047017,134624.09,185156.20,41051
481b63a1-5e4d-bdba-b974-9964c094583e,1999-12-27,,999-61-4459,S99954020,X46683535X,Ms.,Alana17,Bergnaum523,,,,white,nonhispanic,F,Brookline  Massachusetts  US,374 Spencer Way Suite 24,South Yarmouth,Massachusetts,Barnstable County,25001,02664,41.65328717989414,-70.18623571226922,27117.04,831214.21,33509
4af95a08-105d-811a-cd07-74cd297d7bc6,1954-11-17,,999-76-7003,S99923884,X51514882X,Mrs.,Sharon747,Thiel172,,Collins926,M,white,nonhispanic,F,Melrose  Massachusetts  US,459 Rau Underpass,Plymouth,Massachusetts,Plymouth County,25023,02360,41.88704600739697,-70.59476698930709,1016537.63,75482.36,53332
c2a5b22e-5965-f170-c7ef-944c4e0b33f1,1984-07-13,,999-67-7229,S99982051,X58383713X,Ms.,Nana422,Abshire638,,,S,white,nonhispanic,F,Brockton  Massachusetts  US,1082 Gutkowski Trail,North Brookfield,Massachusetts,Worcester County,25027,01535,42.23355002327026,-72.06724946787534,17690.39,1276699.04,3908
3e83dce7-a383-3306-940d-4cf7dafb03da,2012-01-27,,999-56-7091,,,,Alanna27,Weimann465,,,,white,nonhispanic,F,Cambridge  Massachusetts  US,387 Yundt Byway,Canton,Massachusetts,Norfolk County,,00000,42.198652869213994,-71.0795377168262,18364.32,0.00,84672
80b43017-b138-5cbd-c55c-6301c2c71a85,1971-08-26,,999-71-8137,S99927996,X89023174X,Mrs.,Filomena215,Dach178,,Schmitt836,M,black,nonhispanic,F,Lanesborough  Massachusetts  US,704 Lesch Harbor Suite 85,Winchester,Massachusetts,Middlesex County,25017,01890,42.406796645092975,-71.16635423861838,609509.31,184867.45,42125
b2d83b2f-7a32-637d-cb8e-fa5637f42b0b,2022-05-10,,999-53-9078,,,,Lester513,Mosciski958,,,,white,nonhispanic,F,Newton  Massachusetts  US,1054 Corkery Arcade,Bridgewater,Massachusetts,Plymouth County,25023,02324,41.98702070443589,-70.94279237649549,4978.42,0.00,148606
5748016e-e87e-3a94-0f42-af488df816f0,1969-02-14,,999-51-3935,S99981136,X56480005X,Ms.,Lacie818,Russel238,,,S,white,nonhispanic,F,Beverly  Massachusetts  US,985 Hackett Trail Unit 11,Ashfield,Massachusetts,Franklin County,,00000,42.55870278371688,-72.84224571325706,752875.32,242849.64,44420
2ee4dedb-cb6c-1aca-1714-e8c3262a2975,1972-07-07,,999-73-1162,S99980215,X475979X,Mrs.,Sondra191,Champlin946,,Pagac496,M,black,nonhispanic,F,Southborough  Massachusetts  US,878 DuBuque Spur Unit 20,Taunton,Massachusetts,Bristol County,25005,02718,41.90327242529803,-71.03993029613409,193770.88,638390.49,186439
8eb6073e-a015-bec0-a23b-575a7af7bc30,2016-04-07,,999-51-3008,,,,Gabriel934,Frami345,,,,white,hispanic,M,Boston  Massachusetts  US,396 McCullough Rapid Apt 15,Salem,Massachusetts,Essex County,25009,01970,42.56533134794949,-70.84926868461602,14229.81,2807.55,64927
4862d234-14ee-090e-5fd5-9bb8dbeae837,1982-01-31,,999-93-3856,S99932699,X4168181X,Mr.,Gustavo235,Villegas15,,,M,black,hispanic,M,Bogota  Bogota  CO,267 Muller Lock,Revere,Massachusetts,Suffolk County,25025,02151,42.44586625103816,-70.9424236636457,40730.89,11524.65,34952
e0d889cb-9f6a-f504-a506-af61c8f3ebcd,1949-08-26,,999-41-5858,S99993611,X75029959X,Ms.,Winter723,Ondricka197,,,S,white,nonhispanic,F,Lynn  Massachusetts  US,299 Crist Fort Suite 49,Auburn,Massachusetts,Worcester County,,00000,42.21641175737243,-71.86175692085747,832220.93,485527.14,85757
5f97730b-bc48-d0de-0ad1-8feef3f17af2,1960-03-08,,999-51-4386,S99919552,X53136938X,Ms.,Shanon591,Hansen121,,,S,white,nonhispanic,F,Medford  Massachusetts  US,683 Jakubowski Approach Suite 56,Framingham,Massachusetts,Middlesex County,25017,01702,42.30717690796329,-71.48604004288235,1254725.11,702652.26,49319
d9ac5e08-c62f-0b0b-0908-13d338913deb,1957-04-23,,999-40-7618,S99982089,X75579865X,Mr.,Allan198,McClure239,,,M,white,nonhispanic,M,Nantucket  Massachusetts  US,256 Rice Parade,Barnstable,Massachusetts,Barnstable County,25001,02668,41.59232830909213,-70.32786240633325,35566.90,398826.35,15787
4ef847c6-4641-4fe8-2009-4e46f6e8c9bd,1925-01-04,,999-13-1590,S99986069,X86846996X,Mrs.,Sherri495,Ryan260,,Romaguera67,D,white,nonhispanic,F,Topsfield  Massachusetts  US,1062 Rath Avenue,Quincy,Massachusetts,Norfolk County,25021,02169,42.21545268590173,-71.11094936505263,24362.59,1559841.64,22817
e81908ef-51ef-0160-d73a-7593aea57cac,1991-11-16,,999-45-9274,S99981881,X16194147X,Mrs.,Christopher407,Bogan287,,Haley279,M,black,nonhispanic,F,Spencer  Massachusetts  US,905 Sauer Estate,Southborough,Massachusetts,Worcester County,,00000,42.34055952062697,-71.55800117111932,133940.43,442811.28,896917
fbcc4cb9-8d51-9904-09b0-5550ad81c55b,1967-10-12,,999-79-2312,S99917112,X3132838X,Mrs.,Fay398,Fay398,,Glover433,D,white,nonhispanic,F,Bedford  Massachusetts  US,971 Ziemann Way Unit 95,Stoughton,Massachusetts,Norfolk County,,00000,42.13950521668953,-71.09381806236456,368940.46,1051987.81,144998
9c44db97-0db5-5de2-4b16-229788e7fa47,1956-08-18,,999-75-8737,S99953389,X61995919X,Mr.,Sammy219,Feil794,,,M,white,nonhispanic,M,North Andover  Massachusetts  US,756 Leffler Gardens Unit 37,Pittsfield,Massachusetts,Berkshire County,25003,01201,42.418900948451345,-73.26361693540026,16129.83,163184.61,12979
323d0780-7395-6891-fd21-6262a483a8af,1997-01-31,,999-65-9309,S99983734,X51953879X,Mr.,Colin861,Sauer652,,,,white,hispanic,M,Norwood  Massachusetts  US,655 White Ville,Boston,Massachusetts,Suffolk County,25025,02122,42.34095620084315,-71.19467135844458,74710.98,35437.05,46786
58044608-1dc2-9b57-62b4-bb569cbd6aa2,1989-11-14,2003-02-11,999-81-1557,,,,Juan88,Corona300,,,,white,hispanic,M,Havana  Havana  CU,224 Mayert Passage,Lawrence,Massachusetts,Essex County,25009,01840,42.69964731694351,-71.12635766846022,76453.50,28125.51,99663
30e7a781-368a-c21c-c7b8-e7d933ffd589,2010-09-02,,999-40-2722,,,,Cyril535,Klein929,,,,white,nonhispanic,M,Medford  Massachusetts  US,934 DuBuque Throughway,Amherst,Massachusetts,Hampshire County,,00000,42.33765661463993,-72.53754648597209,36819.34,168544.95,53476
06226f97-9e42-6873-2847-0bd19f83e015,1989-11-14,,999-61-9135,S99940418,X45039829X,Mr.,Benjamín452,Nieves278,,,M,white,hispanic,M,San Salvador  El Salvador  SV,356 McCullough Street,Lawrence,Massachusetts,Essex County,25009,01843,42.72614506042638,-71.1595018814761,54203.84,0.00,99663
3907c6e0-c410-f7ab-cd91-423292dba137,1957-05-08,,999-98-9360,S99927372,X89515360X,Mr.,Nicolas769,Walter473,,,D,white,nonhispanic,M,Easthampton  Massachusetts  US,671 Turner Trailer,Westwood,Massachusetts,Norfolk County,,00000,42.269426173128146,-71.24766182213592,357861.80,990692.87,123312
357467a1-6c09-fb8c-da13-8bc20d803e27,1955-03-30,,999-69-8021,S99999485,X85346477X,Mr.,Jeffry142,Towne435,,,M,black,nonhispanic,M,Framingham  Massachusetts  US,252 Murazik Port Suite 53,Bridgewater,Massachusetts,Plymouth County,25023,02324,41.92723894091642,-70.99622273302347,104595.41,197359.57,49071
08ab933f-d5e1-33ac-b1c2-96590139021d,1980-07-24,,999-73-2729,S99986196,X67881830X,Mr.,Harley673,Bergstrom287,,,D,white,nonhispanic,M,Peabody  Massachusetts  US,318 Langosh Arcade Suite 77,Cambridge,Massachusetts,Middlesex County,25017,02141,42.376338489760975,-71.1308500445512,314313.12,96842.03,61639
a82396b6-2775-0ec8-ec2c-4e6ff92aa0c9,1954-05-19,,999-39-3442,S99910087,X75113788X,Mr.,Elden718,O'Kon634,,,M,white,nonhispanic,M,Danvers  Massachusetts  US,958 Glover Dam Unit 55,Longmeadow,Massachusetts,Hampden County,25013,01106,42.05138218110369,-72.616288538977,10833.67,96717.56,17168
6be81c91-7995-c715-f1d4-48862119eecd,2011-07-27,,999-79-8191,,,,Abbey813,Gleichner915,,,,white,nonhispanic,F,Watertown  Massachusetts  US,487 Bode Mill,Leominster,Massachusetts,Worcester County,25027,01453,42.5580655054478,-71.79895199319256,33947.21,0.00,112419
17554ad8-442c-514f-882a-ea830a9e0678,1947-01-17,,999-61-4713,S99929040,X51826479X,Mrs.,Patsy569,Gutkowski940,,Schultz619,M,black,nonhispanic,F,Westwood  Massachusetts  US,818 Gleichner Extension,Westfield,Massachusetts,Hampden County,25013,01085,42.188711824594165,-72.76443883610345,380612.81,1066519.73,131663
c694ae77-92d3-1c11-c9ed-4f0c7addc239,1981-11-16,,999-86-1369,S99915040,X15820584X,Mrs.,Janette321,Weber641,,Quitzon246,M,white,nonhispanic,F,Grafton  Massachusetts  US,824 Farrell Station,North Andover,Massachusetts,Essex County,,00000,42.69006271857888,-71.11383556330013,165971.64,1501729.09,598211
87e6d0ff-cb9f-d048-7993-af710a4fbe94,2020-08-23,,999-57-9183,,,,Penney623,Prohaska837,,,,white,nonhispanic,F,Natick  Massachusetts  US,530 Hackett Boulevard Unit 21,North Andover,Massachusetts,Essex County,,00000,42.677670772467245,-71.09549827466502,4874.53,4967.33,121123
7c332137-0769-675a-0596-e55ee83a8788,1985-04-08,,999-34-9156,S99966764,X47205922X,Mr.,Rickey821,O'Reilly797,,,M,white,nonhispanic,M,Northbridge  Massachusetts  US,125 Moen View,Marshfield,Massachusetts,Plymouth County,25023,02050,42.09592127854958,-70.7106980583948,125118.50,55933.06,27518
f233b409-8082-8140-c332-25e45b81d460,2008-06-11,,999-15-4258,,,,Bart73,Buckridge80,,,,white,nonhispanic,M,Fall River  Massachusetts  US,398 Watsica Center,East Sandwich,Massachusetts,Barnstable County,25001,02537,41.70929442261636,-70.4438163259153,3950.00,464567.12,12655
9670ff78-3bcb-4509-ac89-a8ac4b123aa5,1975-06-13,,999-57-9619,S99951180,X24031031X,Mr.,Zackary401,Mohr916,,,S,white,nonhispanic,M,Waltham  Massachusetts  US,515 Maggio Road,West Springfield,Massachusetts,Hampden County,25013,01089,42.08552010690004,-72.69085781310694,37547.26,5201.12,32767
12a57483-c69a-bb44-da99-d6c13004d8e0,2007-03-13,,999-47-5956,S99921604,,,Lindsey52,Schaden604,,,,white,nonhispanic,M,Boston  Massachusetts  US,917 Abshire Loaf Apt 32,Medford,Massachusetts,Middlesex County,25017,02145,42.38378224781903,-71.09982225594553,30728.40,0.00,73524
004bfbbd-5cd2-6ef2-8b01-0b502a7292dd,1969-01-04,,999-34-3275,S99975356,X62243681X,Mr.,Renaldo199,Gutkowski940,,,M,black,nonhispanic,M,Belchertown  Massachusetts  US,317 Wiza Junction,Springfield,Massachusetts,Hampden County,25013,01107,42.0827257913321,-72.58819046214444,119664.92,77138.69,121114
d4749ef2-20d7-fad0-089b-bc45a6c7263f,1984-02-26,,999-95-2262,S99978023,X41430105X,Mr.,Daren950,Hansen121,,,M,white,nonhispanic,M,Northborough  Massachusetts  US,536 Johns Divide Apt 39,Everett,Massachusetts,Middlesex County,25017,02148,42.39079649674389,-71.02604478246936,8146.41,61400.65,4847
67d687c8-004c-973f-3249-f6a10a8ffff4,1980-12-09,,999-49-2425,S99997223,X9373085X,Mr.,Wilfred787,Koepp521,,,M,asian,hispanic,M,Watertown  Massachusetts  US,419 Howell Lane,Springfield,Massachusetts,Hampden County,25013,01108,42.1533502318899,-72.54635460014819,13280.35,131909.24,14034
f9f694f0-1947-acd5-6f36-6afd1e5ad393,2006-03-27,,999-17-6543,S99942672,,,Karey608,Walsh511,,,,black,nonhispanic,F,Lincoln  Massachusetts  US,488 Muller Rue Apt 61,Lowell,Massachusetts,Middlesex County,25017,01851,42.642750386651954,-71.33228461284527,2300.00,39893.29,18969
64c60c7d-65fc-a5e1-5445-cbfcac83e446,1961-06-29,,999-85-8854,S99996345,X37900935X,Mrs.,Guillermina633,Barrios478,,Valverde277,D,white,hispanic,F,Portsmouth  Saint John Parish  DM,695 Schimmel Plaza,Sudbury,Massachusetts,Middlesex County,,00000,42.36954604591779,-71.44626053780742,158555.22,872751.72,181563
5bc32724-ab20-97bd-d33f-b8d048a0e62a,1962-09-12,,999-85-1906,S99989166,X40516209X,Mr.,Odell776,Lebsack687,,,M,asian,nonhispanic,M,Peabody  Massachusetts  US,522 Howell Meadow,Tewksbury,Massachusetts,Middlesex County,,00000,42.640918742495316,-71.17895020254194,535145.55,758615.43,82558
34f7461a-ce5e-b085-b21f-3b57d2e0e99f,2012-08-29,,999-97-2910,,,,Cedrick207,Kunde533,,,,white,nonhispanic,M,Needham  Massachusetts  US,837 Price Underpass,Walpole,Massachusetts,Norfolk County,25021,02081,42.1508586382368,-71.2294323363042,2100.00,19083.56,17317
f9c5b6fa-7406-a726-0919-bb9a070863ec,1926-11-30,1996-07-05,999-11-1926,S99996707,X68749893X,Mr.,Stephan15,O'Reilly797,,,M,white,nonhispanic,M,Wakefield  Massachusetts  US,898 Kerluke Camp,Haverhill,Massachusetts,Essex County,25009,01832,42.76406947471101,-71.0270442548286,29638.10,759113.71,15708
1ff53385-fc69-c9dc-1180-000fc83de250,1950-09-07,,999-28-1557,S99916660,X21271775X,Mr.,Hubert238,Pagac496,,,M,white,nonhispanic,M,Petersham  Massachusetts  US,475 Blanda Orchard,Fall River,Massachusetts,Bristol County,25005,02724,41.75140337455385,-71.07500684401093,139041.64,31043.07,85074
c5d2f178-adea-8059-8f20-ba86c31286f3,1968-12-11,,999-52-2102,S99913380,X30038046X,Mrs.,Prudence900,Reilly981,,Langosh790,M,asian,nonhispanic,F,Oxford  Massachusetts  US,869 Crona Tunnel Unit 97,Weymouth,Massachusetts,Norfolk County,25021,02188,42.204391250764125,-70.93005329925171,484701.36,731890.12,51603
3d0ba359-018d-8c68-dcb1-6f01abed9253,2005-03-28,,999-73-2041,S99970458,,Ms.,Nancy265,Dooley940,,,,black,nonhispanic,F,Bellingham  Massachusetts  US,1062 O'Reilly Walk,Dracut,Massachusetts,Middlesex County,,00000,42.70355730191405,-71.28031234308996,40108.37,169414.11,29530
ce5ff1c5-2833-71e6-cbea-21f9f08c0a38,2012-07-13,,999-95-3567,,,,Gayle448,Leannon79,,,,white,nonhispanic,M,Brockton  Massachusetts  US,568 Ullrich Wynd Suite 75,Norfolk,Massachusetts,Norfolk County,,00000,42.16186854857433,-71.37363750836246,20548.60,2262.98,144801
ecd14899-75ee-578b-06bf-a8ca10c19da2,1981-12-01,2010-04-01,999-84-5550,S99925086,X11000645X,Mrs.,Kristina583,D'Amore443,,Ruecker817,M,white,nonhispanic,F,Lowell  Massachusetts  US,901 Borer Avenue,Belmont,Massachusetts,Middlesex County,25017,02472,42.31947505803555,-71.13295308685956,208039.58,292961.52,49901
6b679f59-8f81-51f9-be5c-47dfe67c46cd,1926-11-30,2005-04-24,999-75-8288,S99913641,X79108442X,Mr.,Enoch803,Hartmann983,,,M,white,nonhispanic,M,Lynn  Massachusetts  US,962 Hagenes Parade Suite 79,Haverhill,Massachusetts,Essex County,25009,01835,42.776791417036755,-71.06938479440802,17467.44,402488.31,15708
83baa72e-8f37-9c93-ac0c-0df77849d116,1981-12-01,,999-83-5220,S99912305,X52134003X,Mrs.,Veola813,Aufderhar910,,Jaskolski867,M,white,nonhispanic,F,West Tisbury  Massachusetts  US,373 Cole Way Suite 12,Belmont,Massachusetts,Middlesex County,25017,02472,42.33728019660561,-71.13120394321123,675594.14,3124.13,49901
c84a0ae0-9606-0fee-ed71-3fa9ae748f9b,2020-06-16,,999-35-4395,,,,Odis959,Littel644,,,,white,nonhispanic,M,Boston  Massachusetts  US,204 Hodkiewicz Avenue Apt 3,Hanson,Massachusetts,Plymouth County,25023,02341,42.08268848306942,-70.88864832123105,6277.37,5799.92,157713
2489ae50-5acc-560a-9f64-7e9d78bb6fe4,1970-08-14,,999-45-3645,S99926659,X14713098X,Mrs.,Karissa612,Haag279,,Gaylord332,M,white,nonhispanic,F,Newbury  Massachusetts  US,455 Baumbach Row Suite 77,Boston,Massachusetts,Suffolk County,25025,02215,42.410212855543534,-71.08648268891976,300391.96,689804.17,155747
ca8b5f21-8a1a-5a83-4ef4-32bd200c48ae,2020-11-04,,999-60-6212,,,,Carlota980,Mateo562,,,,black,hispanic,F,Buenos Aires  Ciudad de Buenos Aires  AR,362 Hamill Trafficway,Salem,Massachusetts,Essex County,25009,01970,42.499068203084484,-70.92095042900685,7557.26,0.00,54134
efd8231c-13c1-20ff-6da3-4bc694e00d35,1926-11-30,1978-03-06,999-98-2559,S99994835,X88976702X,Mr.,Mitchel812,Hegmann834,,,S,white,nonhispanic,M,Walpole  Massachusetts  US,941 Mills Throughway Unit 83,Haverhill,Massachusetts,Essex County,25009,01835,42.785099432182086,-71.08441527217802,6462.50,271912.17,15708
934ec125-8149-cd16-961f-990290d0311c,1950-10-30,2005-09-07,999-49-2858,S99936164,X57405493X,Mr.,Greg949,Purdy2,,,D,asian,nonhispanic,M,Stoneham  Massachusetts  US,939 Ullrich Boulevard,Lexington,Massachusetts,Middlesex County,25017,02420,42.397389594386105,-71.23392586203924,435049.60,389708.35,401
3feafa4a-0217-59c3-961c-d6b1caecbed8,1975-11-26,,999-99-3512,S99987584,X79149804X,Mr.,Rufus33,Shields502,,,M,white,nonhispanic,M,Bellingham  Massachusetts  US,322 Konopelski Stravenue Unit 61,Concord,Massachusetts,Middlesex County,,00000,42.43389771186466,-71.3894221561384,122388.33,551060.87,648759
45ae063d-e9e7-47ef-9b26-62c5829ad24e,1973-05-26,,999-16-7971,S99980270,X29179637X,Mrs.,Anneliese170,Sauer652,,Boyer713,M,white,nonhispanic,F,Taunton  Massachusetts  US,1070 Stokes Route Suite 90,Wareham,Massachusetts,Plymouth County,,00000,41.74505212414531,-70.72755199043533,752069.06,32012.24,60226
585f329d-8696-935d-6ca1-24d2e1158857,1965-03-20,1977-10-13,999-59-4908,,,,Jude172,Carroll471,,,,black,nonhispanic,M,Hull  Massachusetts  US,129 Paucek Haven,Plymouth,Massachusetts,Plymouth County,25023,02360,41.877434374816474,-70.6153265952161,3159.20,37835.01,5404
1142c4b5-f107-7016-3b67-681824adc8be,1960-10-09,,999-32-8471,S99910622,X47263572X,Ms.,Devona405,Veum823,,,S,white,nonhispanic,F,Brockton  Massachusetts  US,613 Keebler Camp,South Hadley,Massachusetts,Hampshire County,,00000,42.25998212835893,-72.55349355379379,385072.80,1348085.61,122999
a013b997-cb19-c807-f702-b154fad48942,1965-03-20,,999-63-8779,S99934859,X1494308X,Mr.,Isreal8,Schoen8,,,M,black,nonhispanic,M,Chelmsford  Massachusetts  US,448 Kuhlman Camp Suite 32,Plymouth,Massachusetts,Plymouth County,25023,02360,41.92594365403305,-70.65100593350179,25901.33,527004.91,5404
9fbbe977-a8bc-c24f-20d5-e42d6a37a6a7,1950-10-30,2014-01-14,999-64-8207,S99916371,X65558962X,Mr.,Armando772,Bogan287,,,M,asian,nonhispanic,M,Boston  Massachusetts  US,112 Eichmann Annex,Lexington,Massachusetts,Middlesex County,25017,02420,42.48853659650947,-71.2416713586475,566490.31,294932.12,401
57a189c9-0185-96cd-d590-f581833ce5eb,1991-06-26,,999-54-9980,S99930313,X72521496X,Ms.,Gregoria352,Monahan736,,,S,black,nonhispanic,F,Lexington  Massachusetts  US,804 Gerlach Path,Chelsea,Massachusetts,Suffolk County,25025,02150,42.409032206956205,-71.06690220504998,9750.15,945981.91,16570
fa995cc3-2f34-0aa3-3ef8-fe3934568473,1957-07-14,,999-28-1192,S99990702,X32962580X,Mrs.,Sharyl439,Kshlerin58,,Ryan260,W,white,nonhispanic,F,Novosibirsk  Novosibirsk Oblast  RU,590 Auer Loaf Suite 82,East Harwich,Massachusetts,Barnstable County,25001,02645,41.68647018442776,-70.03021086007026,1259079.79,793284.01,91446
485a764d-bb16-063a-30d6-56d140ff6545,2023-05-03,,999-27-2793,,,,Earlene410,Reilly981,,,,white,nonhispanic,F,Somerville  Massachusetts  US,257 Schowalter Lane Apt 24,Weymouth,Massachusetts,Norfolk County,25021,02190,42.15800461955765,-70.92695692867926,3769.05,0.00,183524
7cc79e80-07c3-7b79-54b3-748b8694d929,1943-09-21,,999-72-8700,S99924341,X6598153X,Mrs.,Marina546,Mitchell808,,Spinka232,M,black,hispanic,F,North Amherst  Massachusetts  US,490 Howell Trafficway,Boston,Massachusetts,Suffolk County,25025,02163,42.35399152947382,-71.01495668980661,491255.55,399501.58,79446
d8ffddcc-673b-a619-f944-f170176d9d77,1982-01-26,,999-41-9967,S99942579,X63964249X,Mr.,Thurman577,Sanford861,,,S,white,nonhispanic,M,Wareham  Massachusetts  US,627 Stamm Dam,Boston,Massachusetts,Suffolk County,25025,02136,42.39602248451966,-71.08000639876205,70468.42,8937.26,132096
e6c8dccd-9f88-9200-beb5-10c9fd995c9c,1926-11-30,2010-03-02,999-97-1238,S99920112,X76178156X,Mr.,Will178,Ankunding277,,,M,white,nonhispanic,M,Cambridge  Massachusetts  US,1043 Lakin Wall Apt 33,Haverhill,Massachusetts,Essex County,25009,01830,42.78650146138963,-71.11693077233798,61200.53,1697874.59,15708
a8f27d01-0182-a129-2015-5163c1707168,2022-05-04,,999-59-3127,,,,Ronald408,Walker122,,,,white,nonhispanic,M,Lowell  Massachusetts  US,408 Abbott Path Unit 36,Lunenburg,Massachusetts,Worcester County,25027,01462,42.61961952737613,-71.69748387856136,5954.73,0.00,35228
81d01ee5-3405-c501-a156-8795b8c4a609,2007-12-06,,999-58-5954,,,,Kennith515,Veum823,,,,white,nonhispanic,M,Dennis Port  Massachusetts  US,591 Hagenes Orchard Suite 30,Monson,Massachusetts,Hampden County,,00000,42.10478113065655,-72.3422832406633,62395.00,546057.61,38332
562c736b-7354-006f-240a-c835b647b7c9,1972-10-07,,999-37-7904,S99966395,X18693507X,Ms.,Zoraida650,Macejkovic424,,,S,black,nonhispanic,F,Brookline  Massachusetts  US,161 Jast Route,Worcester,Massachusetts,Worcester County,25027,01605,42.325094964274314,-71.77165561434744,205427.86,344658.41,144226
f902c0df-7cbd-91b4-257a-92d090cb4949,1989-12-27,2021-05-15,999-19-8892,S99963084,X74400501X,Mrs.,Joycelyn213,Walter473,,West559,M,white,nonhispanic,F,Amherst  Massachusetts  US,488 Herzog Boulevard,Northampton,Massachusetts,Hampshire County,25015,01053,42.31078825936951,-72.66820838341019,45714.59,594803.91,44432
ff02f2eb-05f8-8ffe-8957-476c04fe5c22,1989-12-27,,999-57-9959,S99971610,X16690056X,Mrs.,Adelle43,Krajcik437,,Pouros728,M,white,nonhispanic,F,Mattapoisett  Massachusetts  US,760 Hane Alley Unit 17,Northampton,Massachusetts,Hampshire County,25015,01062,42.31312790300048,-72.69703054650792,400817.34,1300976.17,44432
f53a3b1c-3e9d-f85d-710f-5125be5f298e,2017-12-20,,999-99-4509,,,,Vida128,Romaguera67,,,,white,nonhispanic,F,Winchendon  Massachusetts  US,157 Schamberger Light Apt 43,Leominster,Massachusetts,Worcester County,25027,01420,42.61303405153649,-71.85358049733495,8420.85,5671.10,141981
66f46164-b3c8-9955-b36f-ec2e3886d370,2008-01-08,,999-79-4614,,,,Norberto865,Gleichner915,,,,white,nonhispanic,M,Yarmouth  Massachusetts  US,812 O'Hara Landing Unit 49,South Ashburnham,Massachusetts,Worcester County,,00000,42.60181247905385,-71.93749870563512,20979.50,0.00,122523
dae9be24-9454-bff8-d8be-2c420aebf4ac,1970-06-20,,999-92-6082,S99992923,X33641966X,Mr.,Marcos263,Meza847,,,M,white,hispanic,M,Havana  Havana  CU,1029 Lueilwitz Alley Suite 15,Methuen,Massachusetts,Essex County,25009,01844,42.71366709665381,-71.1440450932758,139143.98,714281.31,32934
e323ae0e-ce92-613f-f1e6-a549476088b5,1950-10-30,2018-11-08,999-54-5560,S99968947,X47109355X,Mr.,Rey54,Deckow585,,,D,asian,nonhispanic,M,Abington  Massachusetts  US,138 Breitenberg Flat Apt 9,Lexington,Massachusetts,Middlesex County,25017,02420,42.43719040833797,-71.17044903130333,646946.80,205129.20,401
150e3942-06ce-e005-f537-93a91c1fa767,1983-11-15,,999-81-5895,S99915076,X12579506X,Mr.,Douglas31,Morar593,,,M,white,nonhispanic,M,Lawrence  Massachusetts  US,900 Little Light,Rockland,Massachusetts,Plymouth County,,00000,42.13742484709228,-70.87754606317114,10920.61,724988.15,17440
8efb33c1-38e6-d67e-78b5-a9880b0aa47b,2014-10-21,,999-69-9792,,,,Michael441,Johnson679,,,,asian,nonhispanic,F,Salem  Massachusetts  US,389 Kertzmann Knoll Suite 97,Stow,Massachusetts,Middlesex County,,00000,42.46645290691315,-71.51265944956012,13728.94,155.70,157367
054b679c-c866-26f9-a843-9ba69c1bb15c,1926-11-30,1996-08-16,999-84-4668,S99966551,X34643769X,Mr.,Francis500,Olson653,,,M,white,nonhispanic,M,Sturbridge  Massachusetts  US,307 Ryan Rest,Haverhill,Massachusetts,Essex County,25009,01835,42.799631544159574,-71.09144228784443,50572.81,758826.59,15708
6caa9de5-fab8-b11e-bf20-9fc19be81694,2009-04-03,,999-35-3646,,,,Carlton317,Harris789,,,,asian,nonhispanic,M,Nagoya   Aichi  JP,822 Adams Trace,Hampden,Massachusetts,Hampden County,,00000,42.07208081134382,-72.44598012898041,40288.40,134837.73,43726
d7ce35d7-af5d-3402-ed52-f04e093dab70,1989-11-26,,999-88-1145,S99918277,X80159970X,Mr.,Marlon619,Nitzsche158,,,M,black,nonhispanic,M,Norwell  Massachusetts  US,907 Rempel Avenue Unit 9,Middleborough Center,Massachusetts,Plymouth County,,00000,41.88767989454347,-70.93158135403166,19326.28,124453.99,30566
92d927fa-1c70-94f5-19d0-53a44050af87,2000-09-29,,999-74-4020,S99920826,X37547028X,Ms.,Kaye394,Rodriguez71,,,,white,nonhispanic,F,Leicester  Massachusetts  US,342 Parker Flat Unit 60,Middleborough Center,Massachusetts,Plymouth County,,00000,41.87618954960448,-70.96873190946359,59757.40,162066.19,67465
c4382995-7a94-50b7-efa4-50a25665b8ca,1958-12-01,,999-18-8813,S99989056,X82304543X,Mr.,Terrance440,Cassin499,,,M,white,nonhispanic,M,Plainville  Massachusetts  US,416 Williamson Bay Suite 22,Blackstone,Massachusetts,Worcester County,,00000,42.042368491985265,-71.54286384755719,592057.59,711115.74,88551
5526c414-74d5-149c-b5ae-28391b3dbc50,1926-11-30,1988-12-04,999-89-6836,S99954217,X10694723X,Mr.,Toby274,Kessler503,,,M,white,nonhispanic,M,Springfield  Massachusetts  US,722 Senger Viaduct,Haverhill,Massachusetts,Essex County,25009,01835,42.799383198311524,-71.04637946173459,10455.73,243126.97,15708
737f0a56-c3c7-966f-840d-b211702a45ed,1993-10-27,,999-27-6735,S99934202,X27844866X,Mrs.,Akilah516,Grady603,,Crona259,M,white,hispanic,F,Easton  Massachusetts  US,237 Eichmann Crossroad,Danvers,Massachusetts,Essex County,25009,01923,42.58337732466554,-70.98571798669809,117918.69,555417.34,65337
743f6e27-eef1-e4ba-e96f-2b128e062b9e,1960-02-21,,999-24-7711,S99996145,X40679674X,Mr.,Damon455,Boyer713,,,M,white,nonhispanic,M,Longmeadow  Massachusetts  US,399 Parisian Terrace,Boston,Massachusetts,Suffolk County,25025,02136,42.30224079009729,-71.21065940517975,156318.48,141300.37,141492
799ff48f-934b-3e47-f3ea-9b0edaa43c93,1983-01-27,,999-96-9599,S99921337,X14663210X,Mr.,Aaron697,Welch179,,,M,white,nonhispanic,M,Monson  Massachusetts  US,386 Marks Manor,Lancaster,Massachusetts,Worcester County,,00000,42.52568305881408,-71.66318625522968,62192.18,0.00,69594
d1db0572-3c7c-a497-a8ef-4c6e57832efe,1988-02-06,,999-34-3903,S99992794,X52308949X,Mr.,Bobby524,Klocko335,,,S,white,nonhispanic,M,Dracut  Massachusetts  US,195 Bayer Park Suite 45,Beverly,Massachusetts,Essex County,25009,01915,42.575742174776714,-70.82615107003366,15688.75,59331.12,118196
3e791219-0114-55f6-ef40-d2536d8aad3e,1990-08-18,,999-48-4036,S99984399,X22684977X,Mrs.,Lang846,Ullrich385,,Schuster709,M,white,nonhispanic,F,Seekonk  Massachusetts  US,949 Ryan Neck Apt 62,Revere,Massachusetts,Suffolk County,25025,02151,42.39604710637784,-70.96535855711264,205600.68,1495003.04,82104
00cb3188-4c9f-7781-3acc-f65b4e0462fc,2004-03-24,,999-89-1654,S99980735,,Ms.,Laurene370,O'Keefe54,,,,white,nonhispanic,F,Stoughton  Massachusetts  US,146 Ledner Manor,Brockton,Massachusetts,Plymouth County,25023,02351,42.052945788633686,-71.00326458243882,3550.00,41827.57,19505
6f7f91ab-150f-5ba2-8c41-630b92148db3,2014-07-11,,999-55-1129,,,,Selene142,Koch169,,,,white,nonhispanic,F,Fall River  Massachusetts  US,827 Prohaska Stravenue Unit 71,Springfield,Massachusetts,Hampden County,25013,01108,42.10875507092194,-72.56808464410177,1850.00,19631.84,25412
1b14801b-370f-11bf-4f11-440324f9f228,2003-06-14,,999-90-8539,S99941553,X1421154X,Mr.,Christoper325,Nienow652,,,,white,nonhispanic,M,Danvers  Massachusetts  US,1057 Keeling Pathway Apt 47,Everett,Massachusetts,Middlesex County,25017,02148,42.45384047281038,-71.03684615804266,25772.46,1088.37,498298
914836e3-8013-dc6b-0c5a-9d2b7dc8a825,1926-11-30,1992-02-25,999-20-9241,S99918648,X15917446X,Mr.,George991,Gusikowski974,,,M,white,nonhispanic,M,Everett  Massachusetts  US,381 Goldner Port Suite 17,Haverhill,Massachusetts,Essex County,25009,01835,42.76592712502293,-71.07102479549654,13684.69,245225.77,15708
7869a1b2-2af3-ced0-625d-4c92e260d112,1974-07-05,,999-43-9839,S99954492,X20353798X,Mr.,Lenny728,Nitzsche158,,,M,white,nonhispanic,M,Clinton  Massachusetts  US,732 McKenzie Lodge,Greenfield,Massachusetts,Franklin County,25011,01301,42.65959265344397,-72.6205874483382,137029.70,677729.15,82677
0e7cce2d-7d10-3a2a-1bc5-3eeec9361b59,1927-11-15,,999-30-5478,S99953764,X41020574X,Mrs.,Judie557,Rau926,,Wunsch504,M,white,nonhispanic,F,Woburn  Massachusetts  US,830 Huels Track Apt 45,Barre,Massachusetts,Worcester County,25027,01005,42.43856091654733,-72.10729014810217,21207.86,816678.99,14809
a6eab84c-df04-fdae-170c-943d629d2088,1979-10-16,,999-32-4911,S99939783,X14411394X,Mrs.,Sanjuanita786,Okuneva707,,Rempel203,D,white,nonhispanic,F,Charlton  Massachusetts  US,874 DuBuque Green,Hopedale,Massachusetts,Worcester County,25027,01747,42.13182077244069,-71.50050227035682,162406.98,869363.63,590257
6a444fa8-edad-6f1c-6c8d-8afff5856b77,1926-11-30,1984-01-03,999-84-6997,S99928690,X28186113X,Mr.,Korey682,Johnson679,,,M,white,nonhispanic,M,Belmont  Massachusetts  US,442 Bayer Fort,Haverhill,Massachusetts,Essex County,25009,01830,42.79976734971648,-71.0758962935262,8965.29,151464.90,15708
9c3f522f-a514-25cf-383d-d2b729c670a1,1926-11-30,1986-03-05,999-78-2611,S99981573,X4776143X,Mr.,Carl856,O'Kon634,,,D,white,nonhispanic,M,Salem  Massachusetts  US,402 Klein Annex Suite 87,Haverhill,Massachusetts,Essex County,25009,01835,42.808308827614105,-71.10617664831203,14196.81,148659.67,15708
5ebbf5a4-d6e3-9a68-7f1f-ec169da1c4c5,1926-11-30,1993-10-20,999-50-2535,S99990327,X62094429X,Mr.,Darell496,Kirlin939,,,M,white,nonhispanic,M,Swansea  Massachusetts  US,771 Stanton Vista,Haverhill,Massachusetts,Essex County,25009,01830,42.766656557289295,-71.17349865038481,22249.17,344853.52,15708
e7500eab-5c23-d11d-0a03-f1eb731a75d0,1950-10-30,,999-19-9927,S99975779,X53246077X,Mr.,Doug189,Lebsack687,,,M,asian,nonhispanic,M,Reading  Massachusetts  US,514 Jerde Esplanade Suite 22,Lexington,Massachusetts,Middlesex County,25017,02420,42.40380389842143,-71.23822550260996,293649.69,151000.88,401
5ddcacd2-0664-466d-0f9c-1cf4d3e0fd0e,1926-11-30,2000-01-31,999-37-8282,S99953254,X14258262X,Mr.,Leon728,Lind531,,,M,white,nonhispanic,M,Hudson  Massachusetts  US,849 Ebert Ranch,Haverhill,Massachusetts,Essex County,25009,01832,42.75466912905399,-71.09479443415633,11198.87,161449.17,15708
a63e496c-22c6-1edb-5d44-a57b86b94d21,1938-01-01,,999-43-3312,S99951872,X82307856X,Mr.,Neville893,Davis923,,,W,white,nonhispanic,M,Foxborough  Massachusetts  US,503 Koch Crossing Apt 43,Haverhill,Massachusetts,Essex County,25009,01835,42.783202430101035,-71.08643826791334,79830.09,1213243.00,15708
